PSC,NHSICS
East Midlands AHSN,NHS DERBY AND DERBYSHIRE ICS
East Midlands AHSN,"NHS LEICESTER, LEICESTERSHIRE AND RUTLAND ICS"
East Midlands AHSN,NHS LINCOLNSHIRE ICS
East Midlands AHSN,NHS NORTHAMPTONSHIRE ICS
East Midlands AHSN,NHS NOTTINGHAM AND NOTTINGHAMSHIRE ICS
Eastern AHSN,"NHS BEDFORDSHIRE, LUTON AND MILTON KEYNES ICS"
Eastern AHSN,NHS CAMBRIDGESHIRE AND PETERBOROUGH ICS
Eastern AHSN,NHS HERTFORDSHIRE AND WEST ESSEX ICS
Eastern AHSN,NHS NORFOLK AND WAVENEY ICS
Eastern AHSN,NHS SUFFOLK AND NORTH EAST ESSEX ICS
Health Innovation Manchester AHSN,NHS GREATER MANCHESTER ICS
Health Innovation Network AHSN,NHS SOUTH EAST LONDON ICS
Health Innovation Network AHSN,NHS SOUTH WEST LONDON ICS
Imperial College Health Partners AHSN,NHS NORTH WEST LONDON ICS
Innovation Agency AHSN,NHS CHESHIRE AND MERSEYSIDE ICS
Innovation Agency AHSN,NHS LANCASHIRE AND SOUTH CUMBRIA ICS
Kent Surrey Sussex AHSN,NHS KENT AND MEDWAY ICS
Kent Surrey Sussex AHSN,NHS SURREY HEARTLANDS ICS
Kent Surrey Sussex AHSN,NHS SUSSEX ICS
North East & North Cumbria AHSN,NHS NORTH EAST AND NORTH CUMBRIA ICS
Oxford AHSN,"NHS BUCKINGHAMSHIRE, OXFORDSHIRE AND BERKSHIRE WEST ICS"
Oxford AHSN,NHS FRIMLEY ICS
South West AHSN,NHS CORNWALL AND THE ISLES OF SCILLY ICS
South West AHSN,NHS DEVON ICS
South West AHSN,NHS SOMERSET ICS
UCLPartners AHSN,NHS MID AND SOUTH ESSEX ICS
UCLPartners AHSN,NHS NORTH CENTRAL LONDON ICS
UCLPartners AHSN,NHS NORTH EAST LONDON ICS
Wessex AHSN,NHS DORSET ICS
Wessex AHSN,NHS HAMPSHIRE AND ISLE OF WIGHT ICS
West Midlands AHSN,NHS BIRMINGHAM AND SOLIHULL ICS
West Midlands AHSN,NHS BLACK COUNTRY ICS
West Midlands AHSN,NHS COVENTRY AND WARWICKSHIRE ICS
West Midlands AHSN,NHS HEREFORDSHIRE AND WORCESTERSHIRE ICS
West Midlands AHSN,"NHS SHROPSHIRE, TELFORD AND WREKIN ICS"
West Midlands AHSN,NHS STAFFORDSHIRE AND STOKE-ON-TRENT ICS
West of England AHSN,"NHS BATH AND NORTH EAST SOMERSET, SWINDON AND WILTSHIRE ICS"
West of England AHSN,"NHS BRISTOL, NORTH SOMERSET AND SOUTH GLOUCESTERSHIRE ICS"
West of England AHSN,NHS GLOUCESTERSHIRE ICS
Yorkshire & Humber AHSN,NHS HUMBER AND NORTH YORKSHIRE ICS
Yorkshire & Humber AHSN,NHS SOUTH YORKSHIRE ICS
Yorkshire & Humber AHSN,NHS WEST YORKSHIRE ICS
